{"cameraMode":{"drawMode":0,"name":"Shaded","section":"Shading Mode"},"sceneLighting":false,"audioPlay":false,"sceneViewState":{"showFog":true,"showMaterialUpdate":false,"showSkybox":false,"showFlares":true,"showImageEffects":true,"showParticleSystems":true},"in2DMode":false,"pivot":{"x":0.027273893356323243,"y":2.475382089614868,"z":-29.929527282714845},"rotation":{"x":0.07934978604316712,"y":-0.8905476331710815,"z":0.17063374817371369,"w":0.4141412675380707},"size":7.292001724243164,"orthographic":false}